,Country,Total Cases,New Cases,Total Deaths,New Deaths,Total Recovered,New Recovered,Active Cases,Serious/Critical,Tot Cases/1M,Deaths/1M,Total Tests,Tests/1M,Population,Continent,%Inc Cases,%Inc Deaths,%Inc Recovered
0,World,245260452,427970.0,4978285,7568.0,222349961,400508.0,17932206,75052,31465.0,638.7,-1,-1,-1,All,0.17449613115774573,0.15202022383210284,0.18012505970261897
1,USA,46497719,69634.0,759932,1451.0,36375189,99510.0,9362598,13280,139399.0,2278.0,692816053,2077042,333558957,North America,0.14975788382221503,0.19093813657011416,0.2735655888963216
2,India,34214865,13508.0,455684,584.0,33589672,14049.0,169509,8944,24477.0,326.0,601901543,430586,1397864972,Asia,0.039479916112485025,0.12815898736843953,0.04182535631785866
3,Brazil,21748984,13424.0,606293,409.0,20944087,21454.0,198604,8318,101371.0,2826.0,63776166,297257,214549103,South America,0.06172242344745851,0.06745913279552955,0.10243463942830261
4,UK,8853227,40954.0,139834,263.0,7198408,26317.0,1514985,913,129517.0,2046.0,325510859,4762015,68355696,Europe,0.4625883872626331,0.18808015218044252,0.36559472594495895
5,Russia,8316019,36446.0,232775,1106.0,7213584,26973.0,869660,2300,56952.0,1594.0,205800000,1409426,146016918,Europe,0.43826258694214143,0.4751369348082912,0.3739195384707518
6,Turkey,7909111,29643.0,69559,215.0,7346279,31467.0,493273,1405,92468.0,813.0,95211266,1113144,85533610,Asia,0.3747955996571549,0.3090901249299156,0.42833929939225013
7,France,7133766,6603.0,117555,47.0,6921193,4905.0,95018,1049,108973.0,1796.0,151204954,2309749,65463804,Europe,0.09255980641921813,0.03998128535579091,0.07086928510735072
8,Iran,5877456,9096.0,125519,156.0,5443243,13261.0,308694,4184,68817.0,1470.0,32619228,381924,85407642,Asia,0.15476083530017068,0.12428397294433512,0.24362314892059753
9,Argentina,5283000,1415.0,115866,15.0,5149181,1119.0,17953,633,115496.0,2533.0,24896917,544293,45741769,South America,0.02678402422865796,0.012945989332504789,0.021731611298961912
10,Spain,5004143,1926.0,87238,52.0,4859415,2746.0,57490,434,106975.0,1865.0,66213858,1415472,46778641,Europe,0.03848810875308719,0.05960705197276416,0.05650885960552864
11,Colombia,4994014,1428.0,127133,34.0,4838063,1775.0,28818,342,96789.0,2464.0,26610010,515730,51596762,South America,0.028594233015766475,0.026743646417531245,0.03668823659385998
12,Italy,4747773,4053.0,131904,48.0,4540823,3613.0,75046,341,78678.0,2186.0,101911219,1688819,60344656,Europe,0.08536633912362701,0.0363901018922853,0.07956707407445743
13,Germany,4501021,20955.0,95794,-1.0,4225900,10700.0,179327,1336,53496.0,1139.0,73348901,871781,84136868,Europe,0.46556103604048943,-0.001043906716495814,0.2532005016682837
14,Indonesia,4241090,611.0,143270,35.0,4084831,1141.0,12989,-1,15293.0,517.0,45541632,164214,277330765,Asia,0.01440667375603913,0.0244293990367837,0.027932612144786408
15,Mexico,3784448,1121.0,286496,150.0,3149529,3994.0,348423,4798,28952.0,2192.0,11222399,85853,130715840,North America,0.029621228776297095,0.05235675192672847,0.12681261229853735
16,Poland,2982148,6270.0,76539,92.0,2690118,1219.0,215491,449,78910.0,2025.0,21925993,580176,37791984,Europe,0.21025113441720533,0.12020015939586354,0.045313997378553655
17,South Africa,2920109,331.0,88987,53.0,2812320,392.0,18802,546,48432.0,1476.0,18407943,305310,60292708,Africa,0.011335193309564815,0.05955926146515784,0.013938669852648349
18,Ukraine,2803159,19120.0,64936,734.0,2390112,9738.0,348111,177,64608.0,1497.0,14082277,324571,43387372,Europe,0.6820876018805926,1.130343723050388,0.4074286058561272
19,Philippines,2765631,4352.0,42077,135.0,2669689,8206.0,53865,3194,24804.0,377.0,22740209,203948,111500195,Asia,0.1573601105859748,0.32084036409439837,0.3073766270153565
20,Malaysia,2442224,5726.0,28576,84.0,2340390,5607.0,73258,584,74205.0,868.0,33633342,1021927,32911686,Asia,0.23445842805573935,0.29395296752519595,0.23957545537282246
21,Peru,2197052,793.0,200118,35.0,0,0.0,0,872,65435.0,5960.0,18867422,561929,33576160,South America,0.03609382026460912,0.017489681088157984,
22,Netherlands,2093606,5747.0,18340,20.0,1978178,1591.0,97088,182,121829.0,1067.0,17988698,1046778,17184822,Europe,0.2745024613036073,0.10905125408942204,0.08042754494287167
23,Iraq,2049240,1429.0,23024,31.0,1991575,2409.0,34641,215,49488.0,556.0,15718588,379597,41408566,Asia,0.06973316937010794,0.1346421125781793,0.12095954207097398
24,Thailand,1866863,7706.0,18865,66.0,1749848,9532.0,98150,2432,26658.0,269.0,14913135,212951,70030726,Asia,0.41277801316968626,0.3498542274052478,0.5447330282401672
25,Czechia,1735585,4282.0,30660,18.0,1669565,119.0,35360,156,161673.0,2856.0,40033548,3729200,10735157,Europe,0.2467179654122385,0.05870841487279843,0.007127605094740246
26,Japan,1717053,102.0,18207,8.0,1693826,413.0,5020,197,13631.0,145.0,26183287,207860,125966129,Asia,0.005940410692040374,0.043939144285165044,0.02438266976655217
27,Canada,1704391,1804.0,28841,36.0,1649582,2939.0,25968,765,44643.0,755.0,45819418,1200158,38177832,North America,0.10584425756765907,0.12482230158454978,0.17816634759593644
28,Chile,1684608,1157.0,37691,6.0,1633518,1441.0,13399,449,87140.0,1950.0,23240554,1202165,19332246,South America,0.0686806663627384,0.01591891963598737,0.08821451615470415
29,Romania,1587880,16765.0,45503,511.0,1345324,14099.0,197053,1867,83272.0,2386.0,14446331,757602,19068495,Europe,1.0558102627402575,1.1230028789310595,1.0480003330052836
30,Bangladesh,1568257,276.0,27834,6.0,1532180,440.0,8243,1369,9399.0,167.0,10262107,61505,166849261,Asia,0.017599156260740427,0.02155636990730761,0.028717252542129517
31,Belgium,1328202,5847.0,25889,15.0,1207877,2541.0,94436,256,113949.0,2221.0,21338563,1830684,11656062,Europe,0.44021918352780676,0.05793966549499787,0.2103691021519575
32,Israel,1325063,784.0,8063,1.0,1305720,1349.0,11280,236,142083.0,865.0,29094533,3119723,9326000,Asia,0.05916699809744895,0.012402331638348009,0.10331464632539901
33,Pakistan,1269806,572.0,28392,6.0,1217218,310.0,24196,1028,5605.0,125.0,20572249,90814,226531131,Asia,0.04504625115962596,0.021132713440405747,0.025467911253366286
34,Sweden,1168271,-1.0,14964,-1.0,1135105,-1.0,18202,25,114737.0,1470.0,13154558,1291917,10182198,Europe,-8.559657819119024e-05,-0.006682705159048383,-8.809757687614801e-05
35,Serbia,1111957,7840.0,9634,63.0,978736,6916.0,123587,267,127944.0,1109.0,6205905,714063,8690979,Europe,0.7050632353589212,0.653933983807349,0.7066256886433113
36,Portugal,1086280,829.0,18141,3.0,1037261,1284.0,30878,62,106943.0,1786.0,19736210,1943014,10157522,Europe,0.07631549876643222,0.0165371258475277,0.12378755202403252
37,Cuba,947935,975.0,8201,10.0,934350,1399.0,5384,132,83758.0,725.0,10404761,919351,11317505,North America,0.10285515357065622,0.12193634922570418,0.14972975865575
38,Morocco,944803,425.0,14636,15.0,925125,375.0,5042,347,25204.0,390.0,10030332,267573,37486335,Africa,0.04498292236582652,0.10248701831101395,0.040535062829347386
39,Kazakhstan,931137,1353.0,11975,24.0,874647,1668.0,44515,221,48821.0,628.0,11575012,606902,19072287,Asia,0.14530622239262322,0.20041753653444677,0.19070550747901724
40,Vietnam,896174,3595.0,21802,64.0,810290,2989.0,64082,-1,9099.0,221.0,42517091,431682,98491625,Asia,0.4011497767174678,0.2935510503623521,0.36888027743153684
41,Switzerland,867197,1491.0,11218,6.0,822212,-1.0,33767,95,99245.0,1284.0,11566572,1323715,8737965,Europe,0.17193325161410844,0.053485469780709574,-0.00012162313369301347
42,Jordan,854758,1746.0,10976,11.0,824993,1180.0,18789,581,82693.0,1062.0,10809943,1045806,10336473,Asia,0.20426834261861251,0.10021865889212828,0.1430315166310502
43,Hungary,852214,1701.0,30611,44.0,795828,266.0,25775,197,88514.0,3179.0,7301452,758354,9628020,Europe,0.19959775361587584,0.14373917872660155,0.03342430776499444
44,Nepal,810298,569.0,11372,11.0,788630,622.0,10296,-1,27168.0,381.0,4386567,147072,29825911,Asia,0.0702210791585318,0.09672880759760816,0.07887095342556077
45,Austria,804825,3369.0,11279,18.0,760336,2215.0,33210,232,88695.0,1243.0,95541800,10529092,9074078,Europe,0.4186003168390644,0.1595886160120578,0.2913185749458134
46,UAE,739471,90.0,2134,3.0,733504,125.0,3833,-1,73596.0,212.0,91908560,9147256,10047665,Asia,0.012170862684270242,0.14058106841611998,0.017041488526306606
47,Greece,724571,4165.0,15707,25.0,671596,2518.0,37268,380,69967.0,1517.0,25123079,2425959,10355939,Europe,0.5748228952028166,0.1591647036353218,0.3749277839653601
48,Tunisia,712013,192.0,25213,17.0,685508,122.0,1292,116,59427.0,2104.0,3053773,254876,11981402,Africa,0.02696579978174556,0.06742553444651568,0.01779702060369828
49,Georgia,698944,4762.0,9831,43.0,639564,3953.0,49549,-1,175655.0,2471.0,9992057,2511151,3979075,Asia,0.6813135244025272,0.4373919235072729,0.6180773151709602
50,Lebanon,638581,527.0,8465,6.0,613770,494.0,16346,200,94114.0,1248.0,4780275,704520,6785153,Asia,0.08252672722802588,0.07088009450679268,0.080486175603239
51,Guatemala,596417,1350.0,14797,49.0,574566,1766.0,7054,5,32500.0,806.0,2851620,155390,18351317,North America,0.22635169688322096,0.33114820571737513,0.30736242659677043
52,Belarus,590226,1995.0,4546,16.0,562091,1748.0,23589,-1,62489.0,481.0,9415479,996850,9445227,Europe,0.3380061196897459,0.3519577650681918,0.31098167378591723
53,Bulgaria,582122,6816.0,23440,124.0,471403,2323.0,87279,608,84617.0,3407.0,5378292,781788,6879479,Europe,1.1708885766213957,0.5290102389078498,0.4927843055729387
54,Costa Rica,557922,757.0,6997,14.0,490672,1559.0,60253,306,108222.0,1357.0,2524241,489634,5155359,North America,0.1356820487451651,0.20008575103615836,0.31772752470081844
55,Saudi Arabia,548368,65.0,8782,2.0,537376,38.0,2210,70,15435.0,247.0,30140728,848388,35527051,Asia,0.011853353952090567,0.02277385561375541,0.007071398797117847
56,Sri Lanka,537201,556.0,13654,14.0,504003,300.0,19544,-1,24950.0,634.0,5381256,249925,21531515,Asia,0.10349943503455876,0.10253405595429911,0.05952345521752847
57,Azerbaijan,520068,2266.0,6939,24.0,486426,1194.0,26703,-1,50691.0,676.0,5131033,500125,10259494,Asia,0.43571225301306754,0.34587116299178555,0.24546385267234894
58,Ecuador,515659,-1.0,32953,-1.0,443880,-1.0,38826,759,28655.0,1831.0,1914667,106397,17995480,South America,-0.0001939266065364902,-0.0030346250720723455,-0.00022528611336397226
59,Bolivia,510470,551.0,18903,2.0,473195,640.0,18372,220,42960.0,1591.0,2516925,211817,11882528,South America,0.10793974180657041,0.010580331164365445,0.1352507951267448
60,Myanmar,495898,924.0,18582,22.0,460224,1754.0,17092,-1,9034.0,339.0,4771253,86924,54890141,Asia,0.18632864016390466,0.11839414487138092,0.3811187595605618
61,Panama,471884,215.0,7314,4.0,462287,227.0,2283,49,107146.0,1661.0,4040000,917325,4404110,North America,0.045562044909342125,0.05468963631391851,0.049103695323467894
62,Paraguay,460815,61.0,16233,1.0,444303,35.0,279,16,63580.0,2240.0,1886023,260219,7247837,South America,0.013237416316743163,0.006160290765724143,0.007877507016608037
63,Slovakia,460281,2850.0,12935,18.0,414563,1495.0,32783,245,84252.0,2368.0,3874010,709120,5463127,Europe,0.6191869749131509,0.13915732508697334,0.360620701799244
64,Croatia,449365,3360.0,9090,30.0,422331,2031.0,17944,143,110358.0,2232.0,3048235,748604,4071891,Europe,0.7477217851857622,0.33003300330033003,0.4809024201396535
65,Ireland,433902,2180.0,5369,-1.0,379308,1459.0,49225,97,86601.0,1072.0,7897226,1576172,5010383,Europe,0.502417596600154,-0.018625442354255912,0.38464783236841826
66,Palestine,421916,375.0,4383,7.0,410176,965.0,7357,60,80254.0,834.0,2619049,498180,5257230,Asia,0.08888025104523176,0.15970796258270592,0.23526486191293494
67,Kuwait,412578,21.0,2461,-1.0,409679,40.0,438,5,94766.0,565.0,4741080,1088988,4353658,Asia,0.0050899466282739265,-0.04063388866314506,0.009763741856429059
68,Venezuela,402407,1148.0,4836,14.0,384305,1192.0,13266,681,14204.0,171.0,3359014,118568,28329745,South America,0.2852833076959397,0.2894954507857734,0.31017030743810253
69,Uruguay,392585,266.0,6074,1.0,384702,165.0,1809,25,112502.0,1741.0,3785389,1084766,3489589,South America,0.06775602735713285,0.016463615409944024,0.042890341095185365
70,Lithuania,392538,2467.0,5698,31.0,349215,4602.0,37625,251,146898.0,2132.0,5482792,2051800,2672187,Europe,0.6284741859386862,0.544050544050544,1.3178128087281475
71,Denmark,379078,1253.0,2703,4.0,362497,751.0,13878,22,65144.0,465.0,85395099,14675037,5819072,Europe,0.33053883369649517,0.14798372179060304,0.20717412833761384
72,Dominican Republic,377385,649.0,4114,4.0,367642,758.0,5629,247,34335.0,374.0,2187112,198989,10991110,North America,0.17197291890244712,0.09722897423432182,0.20617883702079742
73,Honduras,374569,187.0,10202,3.0,115384,25.0,248983,165,37043.0,1009.0,1083343,107136,10111812,North America,0.04992404603691176,0.02940599882376005,0.02166678222283852
74,Ethiopia,363240,568.0,6393,16.0,336914,752.0,19933,484,3060.0,54.0,3663817,30865,118704314,Africa,0.15637044378372425,0.2502737368997341,0.22320236024623497
75,Libya,354866,651.0,5033,5.0,290784,1291.0,59049,-1,50737.0,720.0,1771282,253249,6994233,Africa,0.18344952742725423,0.09934432743890324,0.44397215802795204
76,S. Korea,354355,1266.0,2788,15.0,327592,3144.0,23975,334,6904.0,54.0,15579430,303531,51327324,Asia,0.35726884056948544,0.5380200860832138,0.959730396346675
77,Mongolia,351835,1231.0,1677,11.0,313256,-1.0,36902,192,105097.0,501.0,4030048,1203815,3347729,Asia,0.34987991530120655,0.655933214072749,-0.00031922772428939907
78,Moldova,330799,1505.0,7576,41.0,308832,1368.0,14391,267,82255.0,1884.0,1985799,493783,4021606,Europe,0.4549590536851683,0.541182682154171,0.4429592788312092
79,Egypt,326379,871.0,18375,42.0,275637,875.0,32367,90,3112.0,175.0,3693367,35218,104872082,Africa,0.2668676599903793,0.2285714285714286,0.3174464966604629
80,Slovenia,322917,2297.0,4704,10.0,297951,996.0,20262,83,155300.0,2262.0,1698063,816645,2079315,Europe,0.7113282979836923,0.21258503401360546,0.33428315394141994
81,Oman,304205,22.0,4111,1.0,299558,9.0,536,2,57645.0,779.0,25000000,4737348,5277214,Asia,0.0072319652865666245,0.024324981756263683,0.0030044265217420334
82,Armenia,298069,1517.0,6112,57.0,263002,1050.0,28955,-1,100342.0,2058.0,2018614,679544,2970540,Asia,0.5089425602796668,0.9325916230366491,0.39923650770716573
83,Bahrain,276635,27.0,1393,-1.0,274640,58.0,602,2,155487.0,783.0,6840598,3844860,1779154,Asia,0.009760153270555063,-0.07178750897343862,0.021118555199533935
84,Kenya,252839,151.0,5263,3.0,246390,35.0,1186,27,4570.0,95.0,2682247,48479,55327825,Africa,0.05972179924774264,0.057001710051301537,0.014205121961118552
85,Bosnia and Herzegovina,250165,816.0,11423,26.0,192218,-1.0,46524,-1,76881.0,3511.0,1291186,396810,3253915,Europe,0.3261847180860632,0.22761096034316727,-0.0005202426411678407
86,Qatar,238742,102.0,609,-1.0,237088,93.0,1045,10,85028.0,217.0,2804976,998992,2807805,Asia,0.04272394467668027,-0.16420361247947454,0.03922594142259414
87,Nigeria,211330,159.0,2884,-1.0,202803,129.0,5643,11,993.0,14.0,3298966,15499,212851076,Africa,0.07523777977570624,-0.03467406380027739,0.06360852650108727
88,Zambia,209648,9.0,3660,1.0,205873,21.0,115,15,10999.0,192.0,2578545,135286,19059950,Africa,0.004292910020605968,0.0273224043715847,0.01020046339247983
89,Algeria,205990,87.0,5899,5.0,141335,71.0,58756,10,4589.0,131.0,230861,5143,44892255,Africa,0.042235059954366716,0.08476012883539584,0.0502352566597092
90,Latvia,205577,2117.0,3076,27.0,169472,997.0,33029,154,110603.0,1655.0,4831287,2599288,1858696,Europe,1.0297844603238688,0.8777633289986996,0.5882977719033232
91,Norway,202554,1144.0,895,1.0,88952,-1.0,112707,14,36982.0,163.0,8088217,1476745,5477058,Europe,0.5647876615618551,0.11173184357541899,-0.0011242018167101357
92,North Macedonia,200412,511.0,7072,10.0,187149,497.0,6191,-1,96201.0,3395.0,1369624,657442,2083261,Europe,0.2549747520108576,0.1414027149321267,0.26556380210420577
93,Botswana,185985,-1.0,2402,-1.0,182304,-1.0,1279,1,77043.0,995.0,1811943,750584,2414043,Africa,-0.0005376777697126112,-0.041631973355537054,-0.0005485343163068282
94,Estonia,184505,1186.0,1477,8.0,161349,1715.0,21679,39,138965.0,1112.0,2097584,1579851,1327710,Europe,0.6428010081027615,0.5416384563303994,1.0629133121370447
95,Uzbekistan,184233,305.0,1309,3.0,179845,358.0,3079,23,5402.0,38.0,1377915,40399,34107349,Asia,0.1655512313212074,0.2291825821237586,0.19906030192665905
96,Albania,182610,650.0,2888,8.0,172464,482.0,7258,3,63546.0,1005.0,1289520,448738,2873656,Europe,0.35594983845353484,0.2770083102493075,0.2794786158270712
97,Kyrgyzstan,180741,112.0,2658,3.0,175196,99.0,2887,131,27115.0,399.0,1764285,264679,6665765,Asia,0.061967124227485744,0.1128668171557562,0.0565081394552387
98,Singapore,179095,3277.0,339,10.0,148408,2856.0,30348,67,30299.0,57.0,20667026,3496411,5910925,Asia,1.8297551578771043,2.949852507374631,1.9244245593229476
99,Australia,162016,1786.0,1653,5.0,130922,2063.0,29441,279,6258.0,64.0,42498292,1641540,25889279,Australia/Oceania,1.1023602607149912,0.3024803387779794,1.575747391576664
100,Afghanistan,156071,31.0,7262,2.0,128000,164.0,20809,1124,3894.0,181.0,771431,19247,40080392,Asia,0.01986275477186665,0.02754062241806665,0.12812500000000002
101,Finland,155547,659.0,1150,-1.0,46000,-1.0,108397,34,28016.0,207.0,7411266,1334868,5552061,Europe,0.4236661587815901,-0.08695652173913043,-0.002173913043478261
102,Mozambique,151243,17.0,1929,1.0,148979,313.0,335,32,4667.0,60.0,936296,28893,32405166,Africa,0.011240189628610911,0.05184033177812338,0.2100967250417844
103,Montenegro,141834,542.0,2075,4.0,135571,358.0,4188,57,225789.0,3303.0,803043,1278383,628171,Europe,0.38213686422155474,0.19277108433734938,0.2640682741884326
104,Zimbabwe,132724,36.0,4674,1.0,127497,64.0,553,12,8762.0,309.0,1490416,98393,15147568,Africa,0.027123956481118712,0.02139495079161318,0.05019725954336181
105,Ghana,130008,60.0,1174,2.0,126976,163.0,1858,41,4072.0,37.0,1842458,57711,31925467,Africa,0.0461510060919328,0.17035775127768313,0.12837071572580644
106,Namibia,128859,10.0,3550,-1.0,124468,21.0,841,-1,49534.0,1365.0,743492,285803,2601412,Africa,0.007760420304363685,-0.028169014084507043,0.01687180640807276
107,Uganda,125788,30.0,3200,-1.0,96575,65.0,26013,298,2641.0,67.0,1785306,37478,47636643,Africa,0.02384965179508379,-0.03125,0.06730520320994046
108,Cyprus,121986,162.0,571,-1.0,90755,-1.0,30660,18,100076.0,468.0,9420908,7728815,1218933,Asia,0.13280212483399734,-0.17513134851138354,-0.0011018676656933501
109,Cambodia,118000,112.0,2751,8.0,113527,263.0,1722,-1,6932.0,162.0,2601505,152819,17023399,Asia,0.09491525423728814,0.2908033442384587,0.2316629524254142
110,El Salvador,113422,277.0,3586,11.0,94980,251.0,14856,334,17371.0,549.0,1357788,207953,6529311,North America,0.2442206979245649,0.3067484662576687,0.26426616129711517
111,Cameroon,100289,-1.0,1600,-1.0,80433,-1.0,18256,152,3658.0,58.0,1751774,63901,27413866,Africa,-0.0009971183280319876,-0.0625,-0.0012432707968122536
112,Rwanda,99474,43.0,1321,1.0,45512,1.0,52641,4,7438.0,99.0,3076863,230063,13373978,Africa,0.04322737599774815,0.0757002271006813,0.0021972227104939354
113,Jamaica,88480,49.0,2184,1.0,56944,183.0,29352,32,29709.0,733.0,635655,213437,2978192,North America,0.05537974683544304,0.045787545787545784,0.32136836189941
114,Maldives,87186,115.0,242,2.0,85378,110.0,1566,23,157642.0,438.0,1588558,2872291,553063,Asia,0.13190191085724773,0.8264462809917356,0.12883881093490127
115,Luxembourg,81124,509.0,842,-1.0,78433,260.0,1849,9,126881.0,1317.0,3579957,5599168,639373,Europe,0.6274345446476999,-0.11876484560570072,0.3314931215177285
116,Senegal,73897,1.0,1878,-1.0,71995,1.0,24,3,4266.0,108.0,833323,48104,17323407,Africa,0.001353234908047688,-0.05324813631522897,0.0013889853462045975
117,Angola,64033,103.0,1702,1.0,52833,83.0,9498,28,1872.0,50.0,1092363,31933,34207984,Africa,0.16085455936782597,0.05875440658049354,0.15709878295762117
118,Malawi,61766,1.0,2296,-1.0,57177,44.0,2293,67,3123.0,116.0,423467,21410,19779198,Africa,0.0016190136968558754,-0.04355400696864112,0.0769540199730661
119,Ivory Coast,61221,13.0,691,1.0,59852,29.0,678,-1,2248.0,25.0,1066678,39164,27236329,Africa,0.021234543702324367,0.1447178002894356,0.04845285036423177
120,DRC,57453,-1.0,1091,-1.0,50930,-1.0,5432,-1,617.0,12.0,306299,3289,93135138,Africa,-0.001740553147790368,-0.09165902841429881,-0.00196347928529354
121,Trinidad and Tobago,56013,215.0,1655,5.0,49616,41.0,4742,22,39854.0,1178.0,382242,271970,1405458,North America,0.38383946583828754,0.3021148036253776,0.0826346339890358
122,Réunion,54668,230.0,374,2.0,53879,183.0,415,33,60492.0,414.0,1279618,1415936,903726,Africa,0.42072144581839466,0.53475935828877,0.3396499563837488
123,Guadeloupe,54350,-1.0,736,-1.0,2250,-1.0,51364,23,135802.0,1839.0,495286,1237553,400214,North America,-0.0018399264029438822,-0.1358695652173913,-0.044444444444444446
124,Fiji,52063,35.0,673,-1.0,49081,126.0,2309,-1,57528.0,744.0,437929,483900,904999,Australia/Oceania,0.06722624512609722,-0.1485884101040119,0.2567184857684236
125,Suriname,48548,214.0,1069,5.0,29449,13.0,18030,14,81792.0,1801.0,145862,245744,593552,South America,0.4408008568839087,0.4677268475210477,0.04414411355224286
126,Eswatini,46390,3.0,1242,-1.0,45075,21.0,73,10,39448.0,1056.0,367421,312439,1175976,Africa,0.0064669109721922835,-0.08051529790660225,0.04658901830282862
127,French Guiana,44347,122.0,302,-1.0,9995,-1.0,34050,31,143588.0,978.0,425046,1376221,308850,South America,0.2751031636863824,-0.33112582781456956,-0.010005002501250627
128,Madagascar,42898,-1.0,958,-1.0,41322,-1.0,618,3,1499.0,33.0,249510,8716,28626018,Africa,-0.0023311110075061774,-0.10438413361169101,-0.00242001839213978
129,Martinique,42634,-1.0,670,-1.0,104,-1.0,41860,1,113726.0,1787.0,376921,1005439,374882,North America,-0.00234554580850964,-0.1492537313432836,-0.9615384615384616
130,Syria,42076,277.0,2526,9.0,25926,95.0,13624,-1,2330.0,140.0,103566,5735,18059157,Asia,0.6583325411160756,0.35629453681710216,0.36642752449278715
131,Sudan,40238,-1.0,3099,-1.0,32905,-1.0,4234,-1,890.0,69.0,238579,5279,45194436,Africa,-0.002485212982752622,-0.032268473701193935,-0.00303905181583346
132,French Polynesia,40178,-1.0,635,-1.0,33500,-1.0,6043,12,141948.0,2243.0,26355,93112,283047,Australia/Oceania,-0.002488924286923192,-0.15748031496062992,-0.0029850746268656717
133,Cabo Verde,38151,3.0,349,-1.0,37524,55.0,278,23,67651.0,619.0,211025,374201,563935,Africa,0.007863489816780688,-0.28653295128939826,0.14657286003624348
134,Malta,37580,16.0,460,-1.0,36505,13.0,615,3,84813.0,1038.0,1211456,2734096,443092,Europe,0.04257583821181479,-0.21739130434782608,0.035611560060265716
135,Mauritania,37032,43.0,792,-1.0,35736,33.0,504,22,7699.0,165.0,484600,100745,4810167,Africa,0.11611579174767768,-0.12626262626262627,0.09234385493619879
136,Laos,37018,770.0,56,3.0,6558,-1.0,30404,-1,4993.0,8.0,611160,82428,7414455,Asia,2.0800691555459507,5.357142857142857,-0.015248551387618176
137,Guyana,35170,66.0,899,2.0,30933,178.0,3338,23,44432.0,1136.0,348832,440694,791551,South America,0.18765993744668752,0.22246941045606228,0.5754372353150357
138,Gabon,34898,-1.0,230,-1.0,28567,-1.0,6101,24,15208.0,100.0,1305320,568833,2294735,Africa,-0.0028654937245687433,-0.43478260869565216,-0.0035005425841005355
139,Guinea,30645,3.0,385,-1.0,29501,36.0,759,24,2253.0,28.0,564994,41542,13600567,Africa,0.00978952520802741,-0.2597402597402597,0.12202976170299312
140,Papua New Guinea,28173,278.0,335,-1.0,24502,-1.0,3336,7,3072.0,37.0,207207,22597,9169851,Australia/Oceania,0.9867603734071629,-0.2985074626865672,-0.004081299485756264
141,Belize,26152,271.0,482,6.0,22957,260.0,2713,10,64237.0,1184.0,303238,744837,407120,North America,1.0362496176200673,1.2448132780082988,1.1325521627390338
142,Tanzania,26115,-1.0,725,-1.0,0,0.0,0,7,421.0,12.0,-1,-1,61967997,Africa,-0.003829216925138809,-0.13793103448275862,
143,Togo,26011,11.0,242,-1.0,25474,14.0,295,-1,3048.0,28.0,543576,63698,8533655,Africa,0.04228980046903233,-0.4132231404958678,0.054957996388474525
144,Benin,24678,-1.0,161,-1.0,23971,-1.0,546,5,1968.0,13.0,604310,48190,12540234,Africa,-0.004052192235999676,-0.6211180124223602,-0.004171707479871512
145,Haiti,23619,-1.0,662,-1.0,20249,-1.0,2708,-1,2039.0,57.0,120507,10402,11585458,North America,-0.004233879503789322,-0.1510574018126888,-0.004938515482246037
146,Bahamas,22259,-1.0,642,-1.0,20261,-1.0,1356,15,55900.0,1612.0,155049,389383,398191,North America,-0.004492564805247316,-0.1557632398753894,-0.004935590543408519
147,Seychelles,22086,183.0,119,-1.0,21747,180.0,220,-1,222756.0,1200.0,21504,216886,99149,Africa,0.828579190437381,-0.8403361344537815,0.8277003724651675
148,Lesotho,21598,11.0,657,1.0,12227,38.0,8714,-1,9978.0,304.0,234404,108289,2164610,Africa,0.050930641726085746,0.15220700152207,0.3107876012104359
149,Somalia,21269,-1.0,1180,-1.0,9927,-1.0,10162,-1,1291.0,72.0,239292,14524,16475414,Africa,-0.004701678499224223,-0.0847457627118644,-0.010073536818777071
150,Mayotte,20497,-1.0,182,-1.0,2964,-1.0,17351,-1,72823.0,647.0,176919,628569,281463,Africa,-0.004878762745767673,-0.5494505494505495,-0.033738191632928474
151,Burundi,19945,5.0,38,-1.0,773,-1.0,19134,-1,1614.0,3.0,345742,27983,12355639,Africa,0.0250689395838556,-2.631578947368421,-0.129366106080207
152,Timor-Leste,19778,4.0,121,-1.0,19605,4.0,52,-1,14635.0,90.0,169501,125421,1351460,Asia,0.020224491859642025,-0.8264462809917356,0.0204029584289722
153,Mauritius,17416,273.0,160,7.0,1854,-1.0,15402,-1,13664.0,126.0,358675,281413,1274549,Africa,1.567524115755627,4.375,-0.05393743257820927
154,Tajikistan,17086,-1.0,124,-1.0,16960,-1.0,2,-1,1740.0,13.0,-1,-1,9819148,Asia,-0.0058527449373756285,-0.8064516129032258,-0.00589622641509434
155,Curaçao,17027,15.0,173,-1.0,16703,18.0,151,4,103208.0,1049.0,305800,1853592,164977,North America,0.08809537792917131,-0.5780346820809248,0.10776507214272885
156,Congo,16868,-1.0,249,-1.0,12421,-1.0,4198,-1,2961.0,44.0,188207,33039,5696509,Africa,-0.00592838510789661,-0.4016064257028112,-0.008050881571532083
157,Nicaragua,16422,181.0,207,-1.0,4225,-1.0,11990,-1,2441.0,31.0,-1,-1,6728281,North America,1.102180002435757,-0.4830917874396135,-0.023668639053254437
158,Taiwan,16380,4.0,847,-1.0,15420,4.0,113,-1,686.0,35.0,7246326,303529,23873571,Asia,0.02442002442002442,-0.11806375442739078,0.02594033722438392
159,Barbados,16033,445.0,143,4.0,10429,207.0,5461,-1,55701.0,497.0,378335,1314398,287839,North America,2.775525478700181,2.797202797202797,1.9848499376737943
160,Mali,15879,13.0,559,-1.0,14597,12.0,723,-1,756.0,27.0,448825,21356,21016578,Africa,0.08186913533597834,-0.17889087656529518,0.08220867301500308
161,Aruba,15848,33.0,171,-1.0,15513,9.0,164,7,147611.0,1593.0,177885,1656856,107363,North America,0.20822816759212517,-0.5847953216374269,0.05801585766776252
162,Andorra,15425,-1.0,130,-1.0,15205,-1.0,90,4,199217.0,1679.0,193595,2500323,77428,Europe,-0.006482982171799028,-0.7692307692307693,-0.006576783952647156
163,Burkina Faso,14793,-1.0,214,-1.0,14287,-1.0,292,-1,683.0,10.0,222837,10290,21655917,Africa,-0.00675995403231258,-0.46728971962616817,-0.006999370056694898
164,Djibouti,13461,3.0,181,-1.0,13215,-1.0,65,-1,13369.0,180.0,234424,232817,1006902,Africa,0.022286605749944285,-0.5524861878453038,-0.007567158531971245
165,Equatorial Guinea,13236,70.0,163,-1.0,12565,28.0,508,1,9044.0,111.0,238486,162960,1463460,Africa,0.5288606829857964,-0.6134969325153374,0.22284122562674097
166,Iceland,13236,94.0,33,-1.0,12427,75.0,776,1,38459.0,96.0,1127289,3275479,344160,Europe,0.7101843457237836,-3.0303030303030303,0.6035245835680374
167,Channel Islands,12827,50.0,99,-1.0,12135,63.0,593,-1,72892.0,563.0,1001746,5692612,175973,Europe,0.38980275980353946,-1.0101010101010102,0.519159456118665
168,Brunei ,12595,211.0,82,1.0,10047,220.0,2466,-1,28432.0,185.0,482763,1089773,442994,Asia,1.6752679634775705,1.2195121951219512,2.189708370657908
169,Saint Lucia,12465,32.0,250,-1.0,11842,50.0,373,6,67476.0,1353.0,85636,463569,184732,North America,0.25671881267549135,-0.4,0.422225975342003
170,Hong Kong,12331,3.0,213,-1.0,12029,6.0,89,-1,1627.0,28.0,26499519,3497333,7577065,Asia,0.02432892709431514,-0.4694835680751174,0.04987945797655665
171,South Sudan,12293,-1.0,133,-1.0,12008,-1.0,152,2,1082.0,12.0,247059,21736,11366444,Africa,-0.008134710811030668,-0.7518796992481203,-0.008327781479013991
172,CAR,11518,-1.0,100,-1.0,6859,-1.0,4559,2,2331.0,20.0,60228,12191,4940197,Africa,-0.008682062858135092,-1.0,-0.01457938474996355
173,New Caledonia,10687,134.0,261,-1.0,55,-1.0,10371,25,36965.0,903.0,42756,147888,289111,Australia/Oceania,1.253859829699635,-0.38314176245210724,-1.8181818181818181
174,Gambia,9959,3.0,340,1.0,9603,-1.0,16,3,3974.0,136.0,103948,41483,2505809,Africa,0.03012350637614218,0.29411764705882354,-0.010413412475268145
175,Yemen,9711,17.0,1858,8.0,6309,2.0,1544,23,316.0,61.0,265253,8643,30689226,Asia,0.17505921120378953,0.4305705059203444,0.03170074496750674
176,Isle of Man,9327,69.0,57,-1.0,8492,87.0,778,1,108927.0,666.0,128771,1503877,85626,Europe,0.7397877130910261,-1.7543859649122806,1.024493641073952
177,Eritrea,6798,3.0,45,-1.0,6717,3.0,36,-1,1883.0,12.0,23693,6561,3611001,Africa,0.0441306266548985,-2.2222222222222223,0.044662795891022775
178,Sierra Leone,6396,-1.0,121,-1.0,4393,-1.0,1882,-1,781.0,15.0,160729,19625,8190217,Africa,-0.015634771732332707,-0.8264462809917356,-0.022763487366264514
179,Niger,6260,-1.0,208,-1.0,5935,-1.0,117,-1,247.0,8.0,169153,6671,25355726,Africa,-0.01597444089456869,-0.4807692307692308,-0.016849199663016005
180,Guinea-Bissau,6133,2.0,141,-1.0,5492,32.0,500,-1,3023.0,69.0,102067,50301,2029112,Africa,0.03261046796021523,-0.7092198581560284,0.5826656955571741
181,Gibraltar,5904,17.0,98,-1.0,5641,30.0,165,1,175307.0,2910.0,382014,11343132,33678,Europe,0.287940379403794,-1.0204081632653061,0.5318205991845417
182,New Zealand,5822,73.0,28,-1.0,4562,97.0,1232,5,1164.0,6.0,3947612,789191,5002100,Australia/Oceania,1.2538646513225695,-3.571428571428571,2.126260412099956
183,Grenada,5818,1.0,196,-1.0,5503,13.0,119,-1,51391.0,1731.0,79656,703613,113210,North America,0.017188037126160193,-0.5102040816326531,0.23623478102852988
184,Liberia,5811,-1.0,287,-1.0,5458,-1.0,66,2,1115.0,55.0,128246,24597,5213866,Africa,-0.017208742040956806,-0.34843205574912894,-0.01832172957127153
185,Bermuda,5625,-1.0,98,-1.0,5400,-1.0,127,1,90762.0,1581.0,586598,9465075,61975,North America,-0.017777777777777778,-1.0204081632653061,-0.018518518518518517
186,San Marino,5509,-1.0,92,-1.0,5383,-1.0,34,2,161910.0,2704.0,82601,2427656,34025,Europe,-0.01815211472136504,-1.0869565217391304,-0.01857700167193015
187,Chad,5067,-1.0,174,-1.0,4874,-1.0,19,-1,297.0,10.0,148082,8688,17044655,Africa,-0.01973554371422933,-0.5747126436781609,-0.02051702913418137
188,St. Vincent Grenadines,4905,45.0,64,1.0,3060,37.0,1781,2,44029.0,574.0,85741,769640,111404,North America,0.9174311926605505,1.5625,1.2091503267973858
189,Dominica,4659,85.0,30,-1.0,4248,149.0,381,-1,64509.0,415.0,89602,1240647,72222,North America,1.8244258424554627,-3.3333333333333335,3.5075329566854987
190,Sint Maarten,4484,4.0,75,-1.0,4370,4.0,39,10,103040.0,1723.0,53105,1220328,43517,North America,0.08920606601248886,-1.3333333333333335,0.09153318077803205
191,Comoros,4233,14.0,147,-1.0,4048,6.0,38,-1,4735.0,164.0,-1,-1,893947,Africa,0.3307347035199622,-0.6802721088435374,0.14822134387351776
192,Antigua and Barbuda,4031,-1.0,99,-1.0,3541,-1.0,391,9,40718.0,1000.0,17674,178531,98997,North America,-0.024807740014884644,-1.0101010101010102,-0.02824060999717594
193,Saint Martin,3850,-1.0,55,-1.0,1399,-1.0,2396,7,97387.0,1391.0,54303,1373612,39533,North America,-0.025974025974025976,-1.8181818181818181,-0.07147962830593281
194,Sao Tome and Principe,3705,8.0,56,-1.0,3211,13.0,438,-1,16503.0,249.0,14689,65427,224510,Africa,0.21592442645074222,-1.7857142857142856,0.4048582995951417
195,Liechtenstein,3545,16.0,61,1.0,3435,3.0,49,2,92626.0,1594.0,49126,1283602,38272,Europe,0.45133991537376583,1.639344262295082,0.08733624454148471
196,Monaco,3399,5.0,36,-1.0,3337,10.0,26,2,85816.0,909.0,54960,1387598,39608,Europe,0.14710208884966167,-2.7777777777777777,0.2996703626011388
197,Turks and Caicos,2956,-1.0,23,-1.0,2876,-1.0,57,1,75014.0,584.0,94789,2405446,39406,North America,-0.03382949932341001,-4.3478260869565215,-0.03477051460361613
198,British Virgin Islands,2725,-1.0,37,-1.0,2649,-1.0,39,7,89356.0,1213.0,82570,2707568,30496,North America,-0.03669724770642202,-2.7027027027027026,-0.03775009437523594
199,Saint Kitts and Nevis,2637,-1.0,21,-1.0,2313,-1.0,303,1,49112.0,391.0,51994,968339,53694,North America,-0.037921880925293895,-4.761904761904762,-0.043233895373973194
200,Bhutan,2617,-1.0,3,-1.0,2610,-1.0,4,-1,3343.0,4.0,1192940,1523957,782791,Asia,-0.03821169277799007,-33.33333333333333,-0.03831417624521073
201,Caribbean Netherlands,2402,12.0,19,-1.0,2294,5.0,89,-1,90491.0,716.0,25579,963645,26544,North America,0.4995836802664446,-5.263157894736842,0.2179598953792502
202,Faeroe Islands,1714,99.0,2,-1.0,1333,10.0,379,-1,34903.0,41.0,464000,9448562,49108,Europe,5.775962660443407,-50.0,0.7501875468867216
203,St. Barth,1589,-1.0,6,-1.0,462,-1.0,1121,-1,160230.0,605.0,38369,3869013,9917,North America,-0.06293266205160479,-16.666666666666664,-0.21645021645021645
204,Cayman Islands,1279,83.0,2,-1.0,957,34.0,320,-1,19164.0,30.0,136780,2049507,66738,North America,6.489444878811572,-50.0,3.5527690700104495
205,Anguilla,859,66.0,1,-1.0,749,48.0,109,-1,56591.0,66.0,47917,3156796,15179,North America,7.683352735739232,-100.0,6.408544726301736
206,Greenland,772,26.0,-1,-1.0,691,38.0,81,2,13568.0,-1.0,85448,1501722,56900,North America,3.3678756476683938,100.0,5.499276410998553
207,Macao,77,-1.0,-1,-1.0,66,-1.0,11,-1,116.0,-1.0,4988,7546,660982,Asia,-1.2987012987012987,100.0,-1.5151515151515151
208,Falkland Islands,68,-1.0,-1,-1.0,67,-1.0,1,-1,18821.0,-1.0,7643,2115417,3613,South America,-1.4705882352941175,100.0,-1.4925373134328357
209,Montserrat,41,-1.0,1,-1.0,34,-1.0,6,-1,8207.0,200.0,1408,281825,4996,North America,-2.4390243902439024,-100.0,-2.941176470588235
210,Western Sahara,10,-1.0,1,-1.0,8,-1.0,1,-1,16.0,2.0,-1,-1,616632,Africa,-10.0,-100.0,-12.5
211,Vanuatu,6,-1.0,1,-1.0,3,-1.0,2,-1,19.0,3.0,23000,72653,316575,Australia/Oceania,-16.666666666666664,-100.0,-33.33333333333333
212,Total:,245260452,427970.0,4978285,7568.0,222349961,400508.0,17932206,75052,31464.6,638.7,-1,-1,-1,All,0.17449613115774573,0.15202022383210284,0.18012505970261897
